Cluster	category	subcategory	ID	Description	GeneRatio	BgRatio	pvalue	p.adjust	qvalue	geneID	Count
diffbind__condition_unique_down.TG.vs.WT	Genetic Information Processing	Translation	mmu03010	Ribosome - Mus musculus (house mouse)	24/365	328/11152	0.000195820009455153	0.0355160488428114	0.0336959743176258	66448/66230/66481/67427/75617/19942/68436/114641/20103/66419/14548/68499/64655/68193/20091/27367/69527/68463/66493/64657/94064/94067/59054/66211	24
diffbind__condition_unique_down.TG.vs.WT	NA	NA	mmu04820	Cytoskeleton in muscle cells - Mus musculus (house mouse)	19/365	233/11152	0.000233658216071128	0.0355160488428114	0.0336959743176258	22379/17930/11735/16420/433766/71409/11717/53311/22004/18810/70435/22138/170947/373864/17929/13808/20648/17897/24051	19
diffbind__condition_unique_down.TG.vs.WT	Cellular Processes	Cellular community - eukaryotes	mmu04530	Tight junction - Mus musculus (house mouse)	15/365	169/11152	0.000431224438835182	0.0436974098019651	0.0414580688564351	20869/18747/104027/241113/434204/72065/21844/60595/56173/71978/102098/18016/16897/22323/83814	15
diffbind__condition_unique_up.TG.vs.WT	Human Diseases	Neurodegenerative disease	mmu05014	Amyotrophic lateral sclerosis - Mus musculus (house mouse)	21/245	374/11152	7.66990981378291e-05	0.00950017486328028	0.00873533865107111	19324/12857/66152/56491/17995/13163/19058/67819/19386/13665/12048/68342/72787/433702/67530/226641/67264/12861/13191/19170/74781	21
diffbind__condition_unique_up.TG.vs.WT	Human Diseases	Neurodegenerative disease	mmu05012	Parkinson disease - Mus musculus (house mouse)	17/245	274/11152	0.000114179798087236	0.00950017486328028	0.00873533865107111	12857/14977/66152/17995/13163/22335/57320/13665/12048/68342/16438/67530/226641/67264/12861/108058/19170	17
diffbind__condition_unique_up.TG.vs.WT	Human Diseases	Neurodegenerative disease	mmu05022	Pathways of neurodegeneration - multiple diseases - Mus musculus (house mouse)	24/245	481/11152	0.00014905363836538	0.00950017486328028	0.00873533865107111	19324/12857/93687/66152/56491/17995/13163/13001/19058/22335/57320/67819/13665/12048/68342/16438/67530/226641/67264/12861/108058/13191/19170/74781	24
diffbind__condition_unique_up.TG.vs.WT	Genetic Information Processing	Folding, sorting and degradation	mmu04141	Protein processing in endoplasmic reticulum - Mus musculus (house mouse)	13/245	178/11152	0.00015020039309534	0.00950017486328028	0.00873533865107111	15505/66530/67437/56453/67812/67819/14827/13665/66890/77371/22393/69162/226641	13
diffbind__condition_unique_up.TG.vs.WT	Human Diseases	Neurodegenerative disease	mmu05010	Alzheimer disease - Mus musculus (house mouse)	19/245	389/11152	0.000952230565209691	0.0360359526801902	0.0331347848650802	12857/93687/14977/66152/17995/13001/19058/22335/11487/13665/68342/16438/20168/67530/226641/67264/12861/19170/74781	19
diffbind__condition_unique_up.TG.vs.WT	Human Diseases	Cardiovascular disease	mmu05415	Diabetic cardiomyopathy - Mus musculus (house mouse)	13/245	216/11152	0.000965226708573947	0.0360359526801902	0.0331347848650802	12857/55951/66152/17995/210789/22335/68342/67530/67264/19013/12861/108058/18604	13
diffbind__condition_unique_up.TG.vs.WT	Metabolism	Energy metabolism	mmu00190	Oxidative phosphorylation - Mus musculus (house mouse)	10/245	141/11152	0.00108596449027735	0.0360359526801902	0.0331347848650802	12857/66152/17995/68342/67895/27425/67530/11973/67264/12861	10
diffbind__condition_unique_up.TG.vs.WT	Cellular Processes	Transport and catabolism	mmu04140	Autophagy - animal - Mus musculus (house mouse)	11/245	167/11152	0.00113947676459099	0.0360359526801902	0.0331347848650802	19324/18607/16783/78610/13144/13665/12048/16438/19349/56418/74781	11
diffbind__condition_unique_up.TG.vs.WT	Metabolism	Metabolism of terpenoids and polyketides	mmu00900	Terpenoid backbone biosynthesis - Mus musculus (house mouse)	4/245	23/11152	0.00144849187303636	0.0407187159864666	0.0374405501685422	14593/208715/52014/110606	4
diffbind__all_peaks.TG.vs.WT	Genetic Information Processing	Folding, sorting and degradation	mmu04141	Protein processing in endoplasmic reticulum - Mus musculus (house mouse)	90/2177	178/11152	8.54876634186439e-21	2.97497068696881e-18	1.66475976131043e-18	22213/56445/14828/19358/218811/240667/14376/11911/15505/75744/78943/66530/67437/56453/67812/67819/14827/13665/66890/77371/22393/69162/13002/226641/27054/81910/56424/227619/20338/20334/63958/18786/108687/12028/68292/67128/66397/13198/12333/57743/81489/13200/12304/13135/18024/12317/56812/56550/64209/18453/70361/225896/19089/110616/74126/109815/66212/67838/110379/26400/81500/67475/59007/15481/71853/193740/140499/105245/50873/15511/26419/26965/22433/12282/19359/15519/15502/21402/12017/66967/193670/22030/217365/26420/66105/56709/386649/12915/50762/23802	90
diffbind__all_peaks.TG.vs.WT	Human Diseases	Neurodegenerative disease	mmu05012	Parkinson disease - Mus musculus (house mouse)	119/2177	274/11152	5.06885743693172e-20	7.36810132321629e-18	4.12310570113434e-18	22213/407785/14828/11946/66925/225887/66916/26443/68943/17991/12857/18747/67126/11911/14977/66152/17995/59029/13163/12859/78943/22335/57320/22333/13665/12048/68342/22190/16438/67530/226641/67264/28080/53857/12861/69875/106957/11949/11951/68198/108058/19170/66694/67151/22334/68194/230075/56551/12371/170731/12028/19167/67128/14679/18749/16439/13198/12867/67089/407790/12869/66445/70316/18024/12864/57296/26445/12866/67273/67680/67414/227613/19181/18174/69077/19177/17762/30791/67951/22123/67942/21762/19175/66046/12313/22273/12858/26442/140499/50873/22187/66945/105675/68202/26419/12322/12315/23996/12868/26446/66043/22433/67003/22146/11739/66108/226646/50868/68197/66495/26420/12323/68427/19166/14683/66414/228033/12865/56436	119
diffbind__all_peaks.TG.vs.WT	Human Diseases	Neurodegenerative disease	mmu05014	Amyotrophic lateral sclerosis - Mus musculus (house mouse)	148/2177	374/11152	6.35181148553129e-20	7.36810132321629e-18	4.12310570113434e-18	407785/14828/11946/69736/66925/225887/66916/26443/68943/103468/19324/17991/329015/12857/67126/11911/66152/56491/17995/59029/13163/19058/12859/53333/21353/78943/67819/22333/19386/13665/12048/68342/72787/433702/67530/108989/226641/67264/28080/53857/12861/269254/69875/11949/11951/72124/68198/13191/19170/66694/74781/67151/68194/18226/29869/233871/59015/230075/54152/26416/12371/12028/19167/12421/229279/13198/12867/67089/407790/56208/12869/66734/234865/12460/11744/66445/70316/12864/57296/26445/12866/67273/67680/227613/29857/269966/19181/69077/19177/107939/110379/56717/19056/67951/18141/22123/641340/67942/105000/21762/26397/19175/66046/22273/12858/26442/50873/103172/71805/66945/19055/68202/641376/54130/17274/56488/23996/12868/26446/66043/54563/22433/67003/11461/12015/22146/20239/66108/26399/226646/68197/18391/269113/22030/226977/18125/74412/53319/66495/19353/75669/19166/218210/66414/228033/12865/71648/56436	148
diffbind__all_peaks.TG.vs.WT	Human Diseases	Neurodegenerative disease	mmu05022	Pathways of neurodegeneration - multiple diseases - Mus musculus (house mouse)	177/2177	481/11152	1.19764005981469e-19	1.04194685203878e-17	5.83061608067679e-18	22213/407785/14828/11946/66925/225887/66916/26443/68943/19324/13542/17991/329015/12857/93687/67126/11911/66152/56491/17995/59029/13163/13001/19058/12859/53333/21353/78943/22335/57320/67819/11441/22333/18750/13665/12048/68342/22190/16438/67530/20190/226641/67264/28080/53857/12861/69875/269881/11949/11951/68198/108058/13191/19170/66694/74781/67151/22334/68194/29869/18798/56637/233871/23805/230075/18797/54152/26396/19164/11789/26416/12371/170731/22409/12028/19167/12421/67128/14082/14682/16439/13198/12333/12867/67089/16974/407790/56208/12869/66734/12460/66445/70316/11937/12864/57296/26445/12866/67273/67680/26413/67414/227613/217695/29857/110616/14367/19181/69077/19177/20238/13544/17762/56717/26400/22411/19056/67951/22123/641340/67942/105000/21762/26397/19175/66046/12313/22273/12858/26442/140499/50873/22187/66945/19055/105675/68202/26419/12322/641376/54130/17274/12315/23996/12868/26446/66043/22433/67003/12015/22146/20239/11739/66108/12995/26399/16973/226646/13385/68197/18391/22030/226977/18125/215114/66495/26420/12323/19353/75669/19166/66414/228033/12865/71648/56436/22420	177
diffbind__all_peaks.TG.vs.WT	Human Diseases	Neurodegenerative disease	mmu05010	Alzheimer disease - Mus musculus (house mouse)	149/2177	389/11152	1.67749905126416e-18	1.16753933967986e-16	6.53341735755516e-17	407785/11946/66925/225887/66916/26443/13542/17991/329015/12857/93687/67126/11911/14977/66152/17995/59029/13001/19058/12859/14433/78943/22335/11487/11441/22333/226548/13665/68342/16438/20168/67530/226641/67264/28080/53857/12861/69875/106957/59287/11949/11951/68198/19170/66694/74781/67151/22334/68194/29869/18798/56637/23805/230075/18797/26396/19164/208117/11789/12371/22409/19167/12421/14082/14682/16439/13198/12333/12867/67089/16974/407790/56208/12869/18709/66445/70316/11937/12864/57296/26445/12866/67273/67680/26413/15925/227613/14367/19181/18174/69077/19177/13544/17762/30791/56717/26400/22411/16367/19056/67951/22123/641340/67942/11652/18707/21762/19175/66046/12313/22273/12858/26442/11785/66945/19055/105675/68202/26419/12315/23996/12868/26446/66043/22433/67003/12015/22146/11739/66108/12995/16973/226646/68197/22030/18708/18125/16337/66495/26420/68427/75669/19166/66414/228033/12865/56436/16151/22420	149
diffbind__all_peaks.TG.vs.WT	Organismal Systems	Environmental adaptation	mmu04714	Thermogenesis - Mus musculus (house mouse)	104/2177	238/11152	7.1201928984928e-18	4.12971188112582e-16	2.31093980038801e-16	407785/83796/11946/11958/66925/225887/66916/76947/17991/12857/18747/67126/241113/66152/17995/327826/67605/12859/12856/68185/11515/57279/68342/27425/56456/67530/67264/28080/208501/12861/69875/329003/11949/11951/52469/68198/66694/68194/214663/19091/230075/69487/26416/104263/16890/70673/56716/18749/22084/12867/70127/407790/12869/68094/66445/70316/12864/12866/70383/11556/67273/67680/57376/67892/29857/12896/56717/66993/66272/67942/20662/12912/26397/66046/239985/22273/12858/83797/66945/68202/12868/66043/67003/11461/12894/231430/66108/69893/226646/76178/93760/68197/68493/66379/14081/66495/50790/20586/14683/66414/108097/58988/228033/12865	104
diffbind__all_peaks.TG.vs.WT	Human Diseases	Cardiovascular disease	mmu05415	Diabetic cardiomyopathy - Mus musculus (house mouse)	97/2177	216/11152	9.9367933123751e-18	4.94000581815219e-16	2.76437107186375e-16	407785/11946/66925/225887/66916/17991/12857/55951/67126/66152/17995/110854/12859/210789/14433/22335/22333/18750/68342/14936/67530/67264/19013/28080/12861/69875/18604/11949/11951/68198/108058/66694/70456/22334/68194/18798/21803/56637/230075/18797/26416/19046/13033/12867/407790/21812/12869/19045/18709/66445/70316/11937/12864/12866/67273/19211/67680/17126/29857/12896/56717/16367/67942/20528/11652/18707/66046/22273/12858/20683/20525/68263/66945/105675/68202/26419/12322/19047/12868/66043/67003/11739/66108/27273/21813/226646/68197/18708/16337/66495/26420/12323/19353/17972/66414/228033/12865	97
diffbind__all_peaks.TG.vs.WT	Human Diseases	Neurodegenerative disease	mmu05020	Prion disease - Mus musculus (house mouse)	112/2177	273/11152	1.11359282465072e-16	4.84412878723064e-15	2.71071937579452e-15	407785/14828/11946/66925/225887/66916/26443/17991/12857/18747/67126/11911/66152/17995/59029/13001/19058/12859/22335/22333/13665/68342/16438/67530/20190/67264/28080/53857/12861/69875/11949/11951/68198/226519/19170/66694/67151/22334/68194/56637/230075/26416/12371/12028/19167/18749/16439/13198/12867/67089/407790/12869/18709/66445/70316/12864/57296/26445/12866/67273/67680/26413/227613/29857/19181/69077/19177/19056/67951/22123/67942/15481/12912/18707/21762/19175/66046/193740/22273/12858/26442/15511/66945/19055/105675/68202/26419/23996/12868/26446/66043/67003/20867/12015/22146/11739/66108/12995/226646/68197/18708/13653/66495/26420/19353/19166/17972/66414/228033/12915/12865/56436	112
diffbind__all_peaks.TG.vs.WT	Human Diseases	Neurodegenerative disease	mmu05016	Huntington disease - Mus musculus (house mouse)	121/2177	308/11152	3.38425217327022e-16	1.30857750699782e-14	7.32265090122797e-15	407785/11946/66925/225887/66916/26443/17991/329015/12857/67126/66152/17995/59029/12859/11772/11771/78943/22335/237336/22333/68342/21817/16438/67530/67264/232910/28080/53857/12861/69875/269881/11949/11951/20466/68198/13191/19170/66694/74781/67151/22334/68194/29869/18798/230075/18797/54152/20656/12371/12028/19167/12421/433759/14682/12867/67089/407790/56208/12869/66445/70316/12864/57296/26445/12866/67273/67680/227613/19181/69077/19177/56717/26400/21780/67951/22123/641340/67942/105000/12912/21762/19175/66046/67710/22273/12858/20683/26442/67300/66945/105675/68202/26419/54130/69833/23996/12868/26446/66043/67003/22146/11739/66108/226646/13385/11773/68197/22030/226977/20020/215114/66495/12914/26420/75669/19712/19166/66414/228033/12865/56436	121
diffbind__all_peaks.TG.vs.WT	Human Diseases	Endocrine and metabolic disease	mmu04932	Non-alcoholic fatty liver disease - Mus musculus (house mouse)	75/2177	162/11152	7.21030897960987e-15	2.50918752490424e-13	1.40411280129245e-13	407785/66925/225887/66916/17991/12857/26403/11911/241113/66152/17995/12859/78943/13665/68342/20181/67530/67264/19013/12861/58805/69875/68198/66694/68194/21803/56637/230075/26416/72674/20787/12028/12125/13198/12867/407790/12869/18709/66445/70316/12864/12866/67273/606496/67680/29857/16367/11652/18707/66046/22273/12858/12606/66945/68202/26419/12540/22259/12868/22433/67003/68465/66108/226646/68197/22030/18708/16337/66495/26420/19353/14281/66414/108097/12865	75
diffbind__all_peaks.TG.vs.WT	Cellular Processes	Transport and catabolism	mmu04140	Autophagy - animal - Mus musculus (house mouse)	76/2177	167/11152	1.49777422837367e-14	4.73841301340033e-13	2.65156203109214e-13	18518/20869/19324/329015/18747/75909/18607/67605/21353/78943/16783/78610/17532/13144/13665/12048/22190/69635/16438/17966/13143/19349/56418/13030/74781/74747/54673/29869/77040/26396/11793/26409/66795/12421/56716/13033/13039/18749/22084/97287/56208/66734/18709/19211/26413/228545/217695/70231/19338/67474/56717/16367/641340/11652/18707/73683/22187/12211/54636/26419/12176/17274/66840/67841/100502841/12015/68728/242557/18708/27103/26420/75669/22320/58988/71648/52187	76
diffbind__all_peaks.TG.vs.WT	Human Diseases	Neurodegenerative disease	mmu05017	Spinocerebellar ataxia - Mus musculus (house mouse)	67/2177	141/11152	4.15505879228871e-14	1.20496704976373e-12	6.74285856643343e-13	26443/329015/59029/78943/19664/22335/71722/237336/22333/18750/19883/80913/16438/20190/74143/18044/19170/74781/67151/22334/29869/18798/233871/18797/81601/19167/12421/14682/16439/67089/56208/18709/11937/57296/26445/69597/110616/19181/69077/19177/20238/56717/22123/641340/11652/18707/21762/19175/20683/26442/105675/26419/23996/26446/22433/80912/20239/11739/16504/114896/22030/18708/26420/75669/19166/17927/56436	67
diffbind__all_peaks.TG.vs.WT	Genetic Information Processing	Folding, sorting and degradation	mmu04120	Ubiquitin mediated proteolysis - Mus musculus (house mouse)	68/2177	156/11152	4.4408368924911e-12	1.18877787583608e-10	6.65226579037129e-11	22213/75430/52717/67923/231380/216150/93765/17246/107986/22215/76375/217232/22190/12234/11797/53323/13194/17318/77891/11796/67673/100763/83814/56424/75788/68612/22200/63958/67345/67921/217342/56317/67128/103583/109161/208650/246710/56550/242521/74126/70093/73998/22196/140499/50873/99152/56371/52206/107568/22187/12211/26965/69957/17999/59008/26554/80794/70790/21402/50754/50868/22210/66105/68999/140630/66799/12402/22192	68
diffbind__all_peaks.TG.vs.WT	Genetic Information Processing	Translation	mmu03013	Nucleocytoplasmic transport - Mus musculus (house mouse)	56/2177	118/11152	5.4707278434001e-12	1.35986663535945e-10	7.60965903029337e-11	20220/69736/331401/103468/78428/70572/233726/19826/19386/72787/433702/18949/108989/72124/53817/225160/19387/18226/57258/73192/16648/59015/212999/76582/66011/56215/67878/16211/234865/66069/230673/269966/107939/73666/110379/18141/231042/56698/22196/13628/320938/71805/56488/223921/54563/97112/103573/16647/68134/75826/269113/74412/53319/218210/20610/51796	56
diffbind__all_peaks.TG.vs.WT	Cellular Processes	Transport and catabolism	mmu04137	Mitophagy - animal - Mus musculus (house mouse)	50/2177	101/11152	1.05071655809274e-11	2.43766241477515e-10	1.36408816313794e-10	28185/382793/17827/231874/69104/68943/21425/11911/53375/13001/53333/17532/13665/12048/22190/12034/17966/74143/19349/68350/13555/56715/72825/75788/209446/170731/56484/56208/66734/66437/67414/214952/14479/14232/20683/50873/22187/26419/641376/12176/68653/84092/12995/100756/67952/22030/26420/94044/23802/71648	50
diffbind__all_peaks.TG.vs.WT	Human Diseases	Cancer: overview	mmu05208	Chemical carcinogenesis - reactive oxygen species - Mus musculus (house mouse)	87/2177	229/11152	4.37109856933017e-11	9.50713938829311e-10	5.32008707451369e-10	407785/11946/66925/225887/66916/17991/12857/67126/18607/66152/17995/12859/22335/75292/171429/22333/68342/67530/67264/28080/12861/69875/11949/11951/68198/66694/53859/22334/68194/230075/26396/68214/26416/20656/22339/56484/57344/12867/407790/12869/18709/18035/66445/70316/18024/12864/12866/67273/19211/67680/17295/26413/29857/26400/67942/11652/20662/18707/14865/66046/22273/12858/66945/105675/68202/26419/12868/66043/67003/12015/11739/66108/19247/226646/50868/68197/18708/11350/11352/66495/26420/19353/14281/66414/228033/12865/16151	87
diffbind__all_peaks.TG.vs.WT	Metabolism	Energy metabolism	mmu00190	Oxidative phosphorylation - Mus musculus (house mouse)	60/2177	141/11152	2.63211305083903e-10	5.38809024524695e-09	3.01511402108495e-09	407785/11946/11958/66925/225887/66916/17991/12857/67126/66152/17995/12859/12856/68342/76252/67895/27425/67530/11973/67264/28080/12861/69875/11949/11951/68198/66694/68194/230075/66144/114143/12867/407790/12869/66445/70316/12864/12866/70383/67273/67680/67942/66046/22273/12858/66945/68202/12868/66043/67003/66108/21871/226646/68197/66335/66495/66414/228033/12865/66290	60
diffbind__all_peaks.TG.vs.WT	Cellular Processes	Transport and catabolism	mmu04142	Lysosome - Mus musculus (house mouse)	91/2177	252/11152	3.6667256804262e-10	7.08900298215731e-09	3.96692544373594e-09	11764/252972/21425/67605/11772/11771/17113/16783/69091/76303/76252/20615/94245/228983/17828/71923/11973/231855/232910/83429/72392/106039/74008/19349/11305/13030/74347/271564/19156/56464/268706/209446/68526/19025/68576/27419/11767/66144/320528/56692/72175/64138/56716/114143/65114/13033/17775/13039/15587/13340/108012/14533/66508/228545/75620/76524/18174/76943/100561/67474/18145/56722/56717/94178/27426/69596/11432/26889/67300/83409/11766/18457/211286/12752/11765/381201/21871/64291/14387/11773/11886/20597/66335/53599/18010/22320/15212/75612/18173/66290/52187	91
diffbind__all_peaks.TG.vs.WT	Cellular Processes	Transport and catabolism	mmu04144	Endocytosis - Mus musculus (house mouse)	92/2177	268/11152	5.74221002493261e-09	1.05173109930345e-07	5.8853676155819e-08	75608/74998/55988/13858/68953/215280/19325/11843/17246/77038/211673/11772/11771/99371/73711/69091/13430/76709/67804/53869/232227/232910/14972/13196/14186/19326/19349/11848/54673/22042/74117/83814/75788/208092/11841/54198/66713/11840/11845/93742/70432/140500/65114/12345/208650/16835/21812/105513/77407/13854/66700/14963/218441/17126/74192/71955/57440/230837/27965/56324/69780/15481/193740/234852/66914/68767/107568/67300/15511/98366/17274/12540/17999/84092/80794/13429/216963/21813/52348/68524/11773/215445/19157/19341/107305/100017/225861/12343/107338/228998/12402/14964	92
diffbind__all_peaks.TG.vs.WT	Cellular Processes	Cell growth and death	mmu04210	Apoptosis - Mus musculus (house mouse)	54/2177	136/11152	3.74477632406352e-08	6.51591080387053e-07	3.64622957869343e-07	18607/16188/11911/13163/78943/13665/12048/11797/16438/53857/13030/53859/57913/11796/26396/56464/13197/12371/16906/11799/12028/12125/64138/14082/13033/13039/13368/16439/13198/12333/18709/18035/19766/12366/328417/26413/235587/17873/11652/18707/26419/13347/11461/12015/22146/23882/20740/22030/18708/69601/26420/14281/78688/16151	54
diffbind__all_peaks.TG.vs.WT	Human Diseases	Cancer: overview	mmu05205	Proteoglycans in cancer - Mus musculus (house mouse)	71/2177	204/11152	1.70501104757704e-07	2.82544687884195e-06	1.5810879388559e-06	11735/12505/18747/18607/234779/327826/21844/17246/329251/18479/17532/14000/18750/11733/22324/16438/75705/108058/11848/21803/26396/26416/19046/232807/19877/22409/22339/13039/18749/16439/19045/18709/69632/17295/26413/17126/29857/14367/56717/22411/11652/20662/18707/83383/15163/21859/17931/29875/12322/19047/12540/15530/11461/69253/19303/16412/18569/19247/20971/18708/20544/12323/109676/19353/14733/14388/13207/58988/12402/19878/22420	71
diffbind__all_peaks.TG.vs.WT	Genetic Information Processing	Translation	mmu03015	mRNA surveillance pathway - Mus musculus (house mouse)	43/2177	104/11152	2.37081566138e-07	3.58714717460973e-06	2.00732676135148e-06	19054/20220/78428/67897/103677/17690/19826/71978/433702/18949/54451/59032/233789/53817/68188/14852/230721/19046/56215/26932/19045/18789/52432/226517/98985/70248/228410/19047/56488/225849/56422/94230/76626/68134/18458/24018/74412/53319/68991/83410/51796/51786/77305	43
diffbind__all_peaks.TG.vs.WT	Organismal Systems	Endocrine system	mmu04922	Glucagon signaling pathway - Mus musculus (house mouse)	43/2177	104/11152	2.37081566138e-07	3.58714717460973e-06	2.00732676135148e-06	107476/18747/18746/68401/11911/241113/104570/19058/18642/14936/56012/16438/19013/108058/18798/100705/18797/15469/14682/18749/16439/17691/68734/235344/56420/19056/11652/12912/68961/12313/20525/68263/19055/12322/12315/74343/12894/19309/18682/12914/12323/14683/108097	43
diffbind__all_peaks.TG.vs.WT	Human Diseases	Cancer: specific types	mmu05212	Pancreatic cancer - Mus musculus (house mouse)	34/2177	76/11152	4.72568111333526e-07	6.85223761433613e-06	3.83443423669747e-06	56044/19765/107986/12190/73341/12048/13555/21803/13197/12371/22339/12028/21812/18709/12567/26413/17126/17873/56717/19730/11652/18707/20846/26419/13557/12540/12015/23882/21813/18708/26420/19353/58988/16151	34
diffbind__all_peaks.TG.vs.WT	Organismal Systems	Nervous system	mmu04722	Neurotrophin signaling pathway - Mus musculus (house mouse)	47/2177	121/11152	6.03779255126122e-07	8.40460723135562e-06	4.70312261887716e-06	18607/11911/234779/327826/108960/72843/23938/215449/18036/108058/11848/56637/26396/19164/26416/107746/23921/12028/56484/18709/18035/26413/29857/26400/16367/11652/20662/16923/18707/12313/192662/26419/12322/12315/12540/22627/78405/12015/73086/17164/19247/18708/11350/26420/12323/19353/14388	47
diffbind__all_peaks.TG.vs.WT	Environmental Information Processing	Signal transduction	mmu04150	mTOR signaling pathway - Mus musculus (house mouse)	57/2177	158/11152	7.33570669295528e-07	9.81856126595553e-06	5.49435521537137e-06	20869/13542/18607/67605/227743/56430/80909/109270/18750/14245/75705/11973/20393/72124/13684/11848/74747/29869/56032/56637/26396/268706/216742/68576/22409/66144/56692/56716/22084/16974/18709/19211/26413/66508/14367/13544/110379/56717/22411/16367/11652/20662/18707/83409/252875/227154/16973/78757/18708/66335/67046/16337/58988/13685/66290/22420/52187	57
diffbind__all_peaks.TG.vs.WT	Human Diseases	Cancer: specific types	mmu05210	Colorectal cancer - Mus musculus (house mouse)	37/2177	88/11152	9.90845619892585e-07	1.27708991008378e-05	7.14644989006348e-06	56044/21416/107986/17350/11848/17685/21803/56637/23805/26396/11789/13197/12371/11799/12028/12125/21812/18709/26413/17126/17873/56717/19730/11652/20662/18707/72993/26419/12015/23882/21813/18708/26420/19353/14281/58988/17686	37
diffbind__all_peaks.TG.vs.WT	Metabolism	Global and overview maps	mmu01200	Carbon metabolism - Mus musculus (house mouse)	47/2177	123/11152	1.05083135368625e-06	1.3060332538672e-05	7.30841355007354e-06	110821/66925/18746/14751/80911/68133/100198/14433/235582/19895/20916/18642/11532/56012/11429/13808/11674/14718/76282/18563/235339/21991/93747/11409/18293/15929/67680/15926/170718/67834/100678/13806/11430/78920/68263/18655/66171/66945/108682/104776/21881/227095/17436/14194/20917/79459/17850	47
diffbind__all_peaks.TG.vs.WT	Environmental Information Processing	Signal transduction	mmu04152	AMPK signaling pathway - Mus musculus (house mouse)	48/2177	127/11152	1.17383871458603e-06	1.40274884709648e-05	7.84962301006805e-06	19054/107476/20869/68401/19325/18607/13631/241113/67605/71978/18642/14936/59032/19326/68365/56690/270198/100705/16890/72674/26409/20787/56484/26932/22084/18709/52432/56717/16367/18640/20528/11652/12912/18707/59021/20249/17274/74343/225849/12894/68465/227154/13629/18708/16337/108097/58988/13685	48
diffbind__all_peaks.TG.vs.WT	NA	NA	mmu04820	Cytoskeleton in muscle cells - Mus musculus (house mouse)	76/2177	233/11152	1.20926624749697e-06	1.40274884709648e-05	7.84962301006805e-06	22379/17930/11735/16420/433766/71409/11717/53311/22004/18810/70435/22138/170947/373864/20648/17929/13808/21894/212073/17897/11474/74122/56376/24051/21393/77579/223697/77053/21916/16906/380698/17901/67451/12345/50875/78321/14201/71960/13806/58522/22793/17886/11459/21957/13346/68794/21953/67399/70549/12715/24131/13367/11933/16404/15530/68802/59011/241431/11461/16412/118449/100504518/16480/20971/20740/233199/13138/12343/109676/22003/208846/242702/17907/11928/50874/98386	76
diffbind__all_peaks.TG.vs.WT	Organismal Systems	Endocrine system	mmu04910	Insulin signaling pathway - Mus musculus (house mouse)	51/2177	140/11152	1.99168117428064e-06	2.23582273757955e-05	1.25114097535456e-05	107476/18747/68401/18607/241113/14936/14252/13684/56637/17347/100705/26396/16890/107746/23921/19046/20787/19087/18749/22084/208650/19045/18709/26413/56717/16367/20528/11652/20662/18707/105651/68961/12313/106628/26419/19047/12315/16332/12015/216233/19085/18708/19309/18682/16337/26420/108097/58988/12402/13685/20411	51
diffbind__all_peaks.TG.vs.WT	Cellular Processes	Cellular community - eukaryotes	mmu04530	Tight junction - Mus musculus (house mouse)	58/2177	169/11152	3.73051172689145e-06	4.05693150299445e-05	2.27021272853591e-05	20869/18747/104027/241113/434204/72065/21844/60595/56173/109711/76709/64945/71978/102098/53857/67268/11848/23828/18016/68188/16897/74117/22323/83814/68328/77579/66713/19877/16800/93742/18749/12567/74192/71960/52432/26400/17886/15163/216459/26419/105782/17274/12540/17999/11461/22146/53310/16412/56332/26420/19353/74094/15525/21873/108097/19878/70497/18538	58
diffbind__all_peaks.TG.vs.WT	Genetic Information Processing	Folding, sorting and degradation	mmu03050	Proteasome - Mus musculus (house mouse)	23/2177	47/11152	5.24702630442894e-06	5.53322773921597e-05	3.09633131202346e-05	26443/59029/19192/19170/67151/19167/67089/66537/57296/26445/19181/69077/19177/22123/21762/19175/26442/23996/26446/228769/19166/19171/56436	23
diffbind__all_peaks.TG.vs.WT	Human Diseases	Cancer: specific types	mmu05211	Renal cell carcinoma - Mus musculus (house mouse)	30/2177	70/11152	6.478818599245e-06	6.63126138981547e-05	3.71077845467593e-05	70584/67923/94315/18479/215449/224105/67673/21803/26396/209446/107746/22339/18709/17295/26413/11652/20662/18707/20525/112405/12540/112406/12015/19247/13819/18708/14194/12914/19353/14388	30
diffbind__all_peaks.TG.vs.WT	Cellular Processes	Cell growth and death	mmu04218	Cellular senescence - Mus musculus (house mouse)	60/2177	181/11152	8.91310891958154e-06	8.8621768686125e-05	4.95917338382732e-05	75660/19058/17246/15257/22335/17532/103213/22333/12234/16438/14972/13555/22334/15258/21803/26396/26416/13197/19046/56484/103583/16439/22084/12333/231724/21812/19045/18709/12445/12567/19211/14963/26413/12192/17126/29857/19360/17873/268697/19367/56717/12530/19056/11652/18707/26397/12313/19055/19047/13557/12315/11739/23882/17164/26399/21813/18708/18787/13685/14964	60
diffbind__all_peaks.TG.vs.WT	Human Diseases	Cardiovascular disease	mmu05417	Lipid and atherosclerosis - Mus musculus (house mouse)	69/2177	217/11152	9.89031216925026e-06	9.56063509694192e-05	5.35002266465292e-05	15510/14828/18607/11911/19058/54131/20183/21353/78943/16803/18750/13665/12048/20181/22324/215449/16438/226641/108058/16159/11848/18988/18798/56637/18797/26416/20656/12371/26409/12028/13198/16835/18709/18035/18024/26413/66513/29857/26400/19056/11652/15481/18707/26397/193740/12313/15511/19055/17874/26419/12322/12315/12540/22433/12015/15519/76580/26399/22030/18708/26420/12323/19353/17972/15525/14281/19878/117149/16151	69
diffbind__all_peaks.TG.vs.WT	Genetic Information Processing	Chromosome	mmu03082	ATP-dependent chromatin remodeling - Mus musculus (house mouse)	48/2177	136/11152	1.06921476920843e-05	0.000100563983698523	5.62744615372859e-05	83796/51812/100043597/22385/93762/66923/225280/17191/70998/93696/56456/64050/19708/68142/216848/70088/56249/15270/243842/56207/81601/17192/52004/21427/433759/70127/68094/232440/21761/107932/57376/56397/269397/234366/66993/77605/239985/26914/83797/229542/20174/104457/11461/93760/78656/23942/20586/116848	48
diffbind__all_peaks.TG.vs.WT	Human Diseases	Cancer: specific types	mmu05225	Hepatocellular carcinoma - Mus musculus (house mouse)	58/2177	175/11152	1.25824752230188e-05	0.00011522898362133	6.44808287052208e-05	83796/13542/93687/66923/21416/234779/107986/18750/12048/56456/13555/21803/56637/23805/26396/11789/68214/13197/22409/12028/70127/16974/21812/68094/18709/18024/12567/19211/17295/26413/17126/57376/14367/17873/13544/56717/22411/66993/11652/20662/18707/14865/239985/83797/50493/13557/11461/12015/23882/21813/16973/93760/50868/18708/20586/14388/58988/22420	58
diffbind__all_peaks.TG.vs.WT	Metabolism	Carbohydrate metabolism	mmu00640	Propanoate metabolism - Mus musculus (house mouse)	17/2177	31/11152	1.30553849494412e-05	0.000116494204164245	6.51888317313529e-05	107476/110821/80911/20916/52665/56690/74147/100705/380660/93747/11409/11430/104776/12039/227095/20917/17850	17
diffbind__all_peaks.TG.vs.WT	Organismal Systems	Environmental adaptation	mmu04710	Circadian rhythm - Mus musculus (house mouse)	18/2177	34/11152	1.39419691527917e-05	0.000121295131629288	6.78753761385912e-05	241113/19883/12234/18030/13170/12953/103583/20893/12912/50789/18626/26965/104318/18628/353187/21402/213311/108097	18
diffbind__all_peaks.TG.vs.WT	Human Diseases	Cancer: specific types	mmu05220	Chronic myeloid leukemia - Mus musculus (house mouse)	31/2177	76/11152	1.54072547577186e-05	0.000130773772089904	7.31795155373026e-05	17246/107986/13017/12048/13555/13016/21803/26396/13197/12028/433759/21812/18709/18035/12567/26413/17873/11652/20662/18707/13557/14013/12015/23882/19247/21813/20851/18708/11350/12402/16151	31
diffbind__all_peaks.TG.vs.WT	Cellular Processes	Cell growth and death	mmu04110	Cell cycle - Mus musculus (house mouse)	53/2177	157/11152	1.64269098003808e-05	0.000136108681203155	7.61648700017654e-05	69716/75430/52717/19357/26428/17246/217232/18393/22631/12581/13555/21803/56637/12572/30939/13197/20842/67052/22642/56317/433759/26932/12445/12567/17126/17873/268697/12530/99152/56371/52206/218914/13557/26965/22627/69957/17220/59008/225849/105837/211586/70315/12237/23882/21402/11350/13006/12914/66671/68999/67849/22390/18538	53
diffbind__all_peaks.TG.vs.WT	Human Diseases	Infectious disease: viral	mmu05166	Human T-cell leukemia virus 1 infection - Mus musculus (house mouse)	75/2177	245/11152	1.86462020181751e-05	0.000150904146565696	8.44442441459583e-05	19385/75430/52717/18747/11911/56310/19058/22335/237336/22333/11515/217232/12048/17000/21894/14972/16453/71810/15002/13555/53859/22334/21803/30939/26396/18034/81601/12028/14961/56317/18749/21812/18709/12445/18035/12567/12317/19211/14963/14998/26413/17126/19056/11652/12912/18707/20525/99152/70549/52206/19055/26419/13557/74343/69957/59008/103573/12237/11739/21813/20851/16168/22695/18708/19698/13653/16169/12914/26420/68999/14281/70461/12915/16151/14964	75
diffbind__all_peaks.TG.vs.WT	Organismal Systems	Endocrine system	mmu04919	Thyroid hormone signaling pathway - Mus musculus (house mouse)	43/2177	120/11152	1.97882161554699e-05	0.000156506800502353	8.75794255684674e-05	216154/18747/18607/234779/17246/20183/210789/18750/18642/20181/54720/20466/18798/56637/18797/26396/12371/17979/433759/18749/22084/20185/18709/11937/26413/53901/72469/56717/18640/11652/18707/17977/20846/20525/17978/11933/21834/11461/12015/18708/20544/12914/11928	43
diffbind__all_peaks.TG.vs.WT	Human Diseases	Endocrine and metabolic disease	mmu04931	Insulin resistance - Mus musculus (house mouse)	40/2177	110/11152	2.57678956164596e-05	0.000199271726100621	0.000111510191556609	68401/18607/241113/110854/210789/14936/19013/58805/26569/56637/22260/100705/19046/20787/19045/18709/18035/19211/26457/56717/16367/20528/11652/12912/18707/105651/20525/26419/19047/74343/22259/12894/19247/18708/19309/16337/26420/76055/108097/58988	40
diffbind__all_peaks.TG.vs.WT	Cellular Processes	Cellular community - eukaryotes	mmu04520	Adherens junction - Mus musculus (house mouse)	35/2177	92/11152	2.7060825959153e-05	0.000204721031169244	0.000114559560696643	79264/21416/13001/60595/109711/56426/14158/215449/67268/11848/75788/19877/26409/214137/380928/93742/21812/17295/26413/216033/12385/99167/29875/12540/11461/12995/21813/16337/12914/19353/19274/22612/17907/19878/20411	35
diffbind__all_peaks.TG.vs.WT	Metabolism	Global and overview maps	mmu01212	Fatty acid metabolism - Mus musculus (house mouse)	26/2177	62/11152	4.16987849543436e-05	0.000308748450300247	0.00017277212131139	107476/14979/80911/15107/71147/106529/68801/70757/74147/93747/11409/234309/11364/12896/11430/54325/52538/20249/15488/20280/12894/11363/30963/14081/50790/11370	26
diffbind__all_peaks.TG.vs.WT	Human Diseases	Infectious disease: bacterial	mmu05132	Salmonella infection - Mus musculus (house mouse)	75/2177	251/11152	4.63136703076734e-05	0.000335774109730632	0.000187895372958763	56044/170760/70297/280408/240752/21416/14433/17113/71999/18479/13430/76709/11797/53857/19349/67268/13191/11848/21648/27050/11796/74117/16648/11841/26396/56551/66713/26416/11840/11845/26409/12028/69582/14082/66616/17920/18035/19766/235661/26413/74192/20336/66513/228545/227613/29857/26400/67951/11652/18707/26397/17874/26419/54130/12540/11461/22146/15519/21402/26399/234686/22030/67117/226977/19157/26420/17281/19353/68097/14281/17907/19878/117149/101314/16151	75
diffbind__all_peaks.TG.vs.WT	Environmental Information Processing	Signal transduction	mmu04330	Notch signaling pathway - Mus musculus (house mouse)	26/2177	63/11152	5.79438635987629e-05	0.000411519684334072	0.000230281735032678	207521/13542/17305/20602/19664/13017/226548/56381/21886/59287/13016/13388/19164/208117/114606/433586/18223/21885/433759/20238/13544/56198/103806/12914/15205/16450	26
diffbind__all_peaks.TG.vs.WT	Metabolism	Amino acid metabolism	mmu00310	Lysine degradation - Mus musculus (house mouse)	26/2177	64/11152	7.96522097412194e-05	0.000554379379798887	0.000310224395834223	214162/15107/226830/75410/234135/110593/233904/73582/11669/234407/232811/74147/93747/70673/67956/78920/77683/209692/225888/14013/74729/18193/26433/208266/231051/84505	26
diffbind__all_peaks.TG.vs.WT	Human Diseases	Infectious disease: viral	mmu05169	Epstein-Barr virus infection - Mus musculus (house mouse)	68/2177	227/11152	9.44749792561771e-05	0.000644652799630385	0.000360740374868788	12505/234779/20602/59029/17246/54131/107986/19664/12399/14827/14972/16453/18036/15002/20466/13555/53859/18034/26416/13197/12371/26409/12028/14961/12125/433759/14082/67089/18709/12445/18035/19766/12567/57296/12317/14963/14998/66513/15975/29857/19181/69077/17873/60406/26400/22123/11652/18707/21762/20846/26397/17874/26419/13557/21356/17999/23996/23882/26399/22030/18708/19698/15205/26420/19353/56436/16151/14964	68
diffbind__all_peaks.TG.vs.WT	Metabolism	Carbohydrate metabolism	mmu00020	Citrate cycle (TCA cycle) - Mus musculus (house mouse)	16/2177	32/11152	0.00010360896287284	0.000681994741614793	0.00038163650090362	66925/20916/11429/18563/235339/18293/15929/67680/15926/170718/67834/78920/68263/66945/14194/20917	16
diffbind__all_peaks.TG.vs.WT	Human Diseases	Cancer: specific types	mmu05213	Endometrial cancer - Mus musculus (house mouse)	24/2177	58/11152	0.00010514600052005	0.000681994741614793	0.00038163650090362	21416/18607/107986/17350/56637/23805/26396/11789/13197/12371/12028/56484/18709/19211/26413/216033/17873/12385/11652/20662/18707/12015/23882/18708	24
diffbind__all_peaks.TG.vs.WT	Human Diseases	Cancer: specific types	mmu05223	Non-small cell lung cancer - Mus musculus (house mouse)	28/2177	72/11152	0.000107339679714034	0.000681994741614793	0.00038163650090362	18607/234779/20183/107986/56289/18750/20181/16453/13555/26396/13197/12371/12028/56484/18709/12567/17295/26413/17873/11652/20662/18707/13557/12015/23882/20851/18708/218772	28
diffbind__all_peaks.TG.vs.WT	Environmental Information Processing	Signal transduction	mmu04310	Wnt signaling pathway - Mus musculus (house mouse)	56/2177	179/11152	0.000107786525255212	0.000681994741614793	0.00038163650090362	13542/18747/93687/21416/19015/13001/19058/13017/18750/12234/21886/108058/11848/13016/18798/56637/23805/18797/226154/19164/81004/11789/114606/22409/26409/106042/67772/21885/103583/18749/107515/16974/12445/407821/14367/13544/22411/19056/219158/19055/26419/12322/26965/12995/21402/16973/75826/12914/26420/12323/19353/208846/73739/21372/19878/22420	56
diffbind__all_peaks.TG.vs.WT	Human Diseases	Infectious disease: viral	mmu05170	Human immunodeficiency virus 1 infection - Mus musculus (house mouse)	71/2177	241/11152	0.000118825169660989	0.000738413554321861	0.000413207826828628	70584/11764/67923/234779/19058/54131/18479/18750/14827/12048/12234/16438/321006/224105/14972/13194/67673/14672/26396/26416/12371/26409/11767/12028/14082/14679/14682/103583/56045/16439/18709/18035/19766/12317/108012/14963/26413/66513/29857/268697/56717/26400/19056/11652/16886/18707/26397/12313/19055/17874/26419/26965/14701/21356/11766/12315/14697/12015/11765/19303/21402/26399/22030/18708/26420/19353/14281/58988/22390/16151/14964	71
diffbind__all_peaks.TG.vs.WT	Environmental Information Processing	Signal transduction	mmu04012	ErbB signaling pathway - Mus musculus (house mouse)	31/2177	84/11152	0.000147834257401512	0.000902567045188181	0.000505066253356968	70584/234779/18479/18750/224105/108058/56637/26396/208650/18709/26413/17974/17973/56717/26400/11652/20662/18707/26419/12322/12015/20851/18708/11350/11352/26420/12323/14388/58988/12402/13685	31
diffbind__all_peaks.TG.vs.WT	Organismal Systems	Immune system	mmu04660	T cell receptor signaling pathway - Mus musculus (house mouse)	41/2177	122/11152	0.000160146071521483	0.000960876429128897	0.000537695521442365	19054/70584/18607/19058/18479/71978/22324/224105/18036/59032/11848/53859/56637/26396/26416/26409/26932/208650/18709/18035/12567/26413/240354/17974/29857/17973/52432/26400/19056/11652/20662/18707/19055/26419/12540/225849/19247/18708/26420/14281/16151	41
diffbind__all_peaks.TG.vs.WT	Organismal Systems	Endocrine system	mmu04935	Growth hormone synthesis, secretion and action - Mus musculus (house mouse)	39/2177	117/11152	0.000276997407894055	0.0016338152194429	0.000914264414993759	18747/11911/234779/11515/16005/18750/16438/18798/56637/14672/18797/26396/26416/14679/14682/18749/16439/18709/26413/29857/56717/16367/11652/20662/12912/18707/16477/20846/26397/26419/216233/26399/20851/18708/12914/26420/14683/14281/12915	39
diffbind__all_peaks.TG.vs.WT	Genetic Information Processing	Chromosome	mmu03083	Polycomb repressive complex - Mus musculus (house mouse)	31/2177	88/11152	0.000386305441143571	0.00224057155863271	0.00125379836160633	228790/13626/17187/13001/110962/52609/75302/68837/212391/17425/74016/29871/14123/433759/381668/225876/13619/16468/56550/12417/69544/77593/241915/69587/21402/104416/21652/54383/12914/19763/66105	31
diffbind__all_peaks.TG.vs.WT	Organismal Systems	Immune system	mmu04625	C-type lectin receptor signaling pathway - Mus musculus (house mouse)	37/2177	112/11152	0.000477716173250963	0.00272533161133336	0.00152506457379514	234779/19058/17246/16706/18479/17532/16438/16159/11848/53859/74256/18034/26416/16985/16439/208650/18709/18035/69632/26413/240354/29857/19056/11652/18707/20846/12313/19055/12795/26419/12315/17164/19247/18708/19698/26420/16151	37
diffbind__all_peaks.TG.vs.WT	Human Diseases	Infectious disease: parasitic	mmu05145	Toxoplasmosis - Mus musculus (house mouse)	36/2177	109/11152	0.000568883120665456	0.00319308590308998	0.00178681455557062	16776/18607/12048/11797/18036/15002/226519/16159/11796/21803/26416/12371/26409/14961/14679/16835/18035/14998/26413/66513/29857/15979/11652/15481/20846/26397/193740/15511/105675/17874/26419/12015/16412/26399/26420/16151	36
diffbind__all_peaks.TG.vs.WT	Environmental Information Processing	Signal transduction	mmu04066	HIF-1 signaling pathway - Mus musculus (house mouse)	38/2177	117/11152	0.000586959773207423	0.00322284642333854	0.00180346820422756	67923/234779/14433/18750/18642/17000/13808/11674/13684/108058/22042/67673/17347/26396/22339/18709/26413/15979/13806/56717/11652/18707/20525/112405/68263/18655/12322/112406/13819/13856/18708/16337/12914/79459/12323/18787/58988/13685	38
diffbind__all_peaks.TG.vs.WT	Environmental Information Processing	Signal transduction	mmu04068	FoxO signaling pathway - Mus musculus (house mouse)	42/2177	133/11152	0.000600671710748374	0.00322284642333854	0.00180346820422756	26558/20869/68401/18607/241113/17246/20393/12581/21803/26396/26416/13197/20656/54601/12125/56484/15469/21812/18709/67731/19211/26413/29857/17873/268697/16367/20528/11652/20662/18707/329934/170755/12795/26419/12176/23882/21813/18708/16337/12914/26420/108097	42
diffbind__all_peaks.TG.vs.WT	Organismal Systems	Aging	mmu04211	Longevity regulating pathway - Mus musculus (house mouse)	31/2177	90/11152	0.000601968441140819	0.00322284642333854	0.00180346820422756	20869/18747/11911/241113/67605/11515/13684/11793/20656/72674/12028/12421/56484/18749/22084/18709/56717/16367/11652/12912/18707/72993/77683/68465/75747/18708/16337/108097/58988/12915/13685	31
diffbind__all_peaks.TG.vs.WT	Organismal Systems	Aging	mmu04213	Longevity regulating pathway - multiple species - Mus musculus (house mouse)	23/2177	61/11152	0.000721284042024023	0.00375382168739944	0.00210059592307591	18747/241113/67605/11515/20480/11793/20656/56484/433759/18749/13688/18709/56717/16367/11652/15481/18707/193740/15511/18708/16337/108097/58988	23
diffbind__all_peaks.TG.vs.WT	Organismal Systems	Endocrine system	mmu04920	Adipocytokine signaling pathway - Mus musculus (house mouse)	26/2177	72/11152	0.000722718543263685	0.00375382168739944	0.00210059592307591	20869/68401/241113/20183/20181/19013/18036/100705/72674/18035/56717/16367/20528/11652/20525/72993/26419/12894/68465/19247/22030/14081/26420/50790/108097/16151	26
diffbind__all_peaks.TG.vs.WT	Cellular Processes	Cell motility	mmu04810	Regulation of actin cytoskeleton - Mus musculus (house mouse)	66/2177	234/11152	0.000759289372864706	0.00388577502583702	0.00217443551052586	70584/54126/16420/14177/21844/60595/76820/329251/18479/17532/109711/76709/73341/22324/228785/18590/224105/223601/30938/20315/14186/67268/11848/74117/14164/23805/77579/26396/11789/66713/19046/232807/19877/404710/19045/18709/69632/26413/74192/71960/231637/117150/17886/11652/20662/16886/18707/17931/29875/13367/19047/14701/16404/12540/14172/11461/329165/19303/16412/216963/18708/20544/19353/17907/19878/101314	66
diffbind__all_peaks.TG.vs.WT	Cellular Processes	Cell growth and death	mmu04114	Oocyte meiosis - Mus musculus (house mouse)	39/2177	123/11152	0.000847743322668486	0.00416801056113006	0.00233237130613751	75430/52717/18747/19058/11515/217232/12234/16438/22631/108058/30939/26416/19046/56317/26932/103583/18749/16439/19045/26413/29857/268697/19056/12313/99152/52206/19055/12322/19047/26965/12315/22627/69957/59008/225849/21402/13006/12323/68999	39
diffbind__all_peaks.TG.vs.WT	Genetic Information Processing	Replication and repair	mmu03420	Nucleotide excision repair - Mus musculus (house mouse)	22/2177	58/11152	0.000850369970805271	0.00416801056113006	0.00233237130613751	19358/67967/18971/107986/71101/66979/18973/68275/13194/22592/12572/19891/14885/67710/69833/19359/18972/20020/66671/13871/23894/18538	22
diffbind__all_peaks.TG.vs.WT	Environmental Information Processing	Signal transduction	mmu04370	VEGF signaling pathway - Mus musculus (house mouse)	22/2177	58/11152	0.000850369970805271	0.00416801056113006	0.00233237130613751	234779/19058/18750/26396/26416/12371/22339/18709/26413/29857/19056/11652/18707/19055/12540/12015/19303/17164/18708/19353/102626/56632	22
diffbind__all_peaks.TG.vs.WT	Metabolism	Global and overview maps	mmu01210	2-Oxocarboxylic acid metabolism - Mus musculus (house mouse)	15/2177	34/11152	0.000926358645333146	0.00445841126002116	0.0024948762344341	11429/14718/76282/235339/18293/15929/15926/170718/67834/78920/68263/209692/108682/12036/12039	15
diffbind__all_peaks.TG.vs.WT	Organismal Systems	Circulatory system	mmu04261	Adrenergic signaling in cardiomyocytes - Mus musculus (house mouse)	47/2177	156/11152	0.000935241442475703	0.00445841126002116	0.0024948762344341	19054/12295/18747/11911/22004/11515/18750/71978/11555/20541/59032/17897/108058/23828/18798/67972/18797/26416/19046/14679/14682/26932/18749/19045/11937/81904/26413/20266/29857/52432/11652/12912/12313/12322/19047/11933/12315/225849/73086/64082/20544/12916/12323/22003/14683/12915/11928	47
diffbind__all_peaks.TG.vs.WT	Human Diseases	Infectious disease: bacterial	mmu05100	Bacterial invasion of epithelial cells - Mus musculus (house mouse)	27/2177	77/11152	0.000970438413959944	0.00456368335213595	0.00255378529989459	13430/76709/18000/11848/74117/53860/66713/20362/52398/18709/17295/216033/74192/12385/18707/15163/12488/67300/12540/11461/13429/19303/16412/18708/19353/14388/12402	27
diffbind__all_peaks.TG.vs.WT	Human Diseases	Infectious disease: bacterial	mmu05135	Yersinia infection - Mus musculus (house mouse)	42/2177	136/11152	0.00099363226470987	0.0046104537082538	0.00257995745924668	54126/215280/54131/76709/22324/11848/74117/56637/54353/26396/66713/26416/19877/11845/26409/14682/18709/18035/69632/26413/74192/66513/29857/26400/11652/18707/26397/17874/26419/12540/11461/19303/16412/26399/68524/22030/18708/26420/19353/14281/19878/16151	42
diffbind__all_peaks.TG.vs.WT	Metabolism	Global and overview maps	mmu01240	Biosynthesis of cofactors - Mus musculus (house mouse)	46/2177	153/11152	0.00110577708866044	0.00506329509018202	0.0028333623462906	18041/11636/12892/11566/211347/71147/52064/74080/107508/11669/54128/209176/17434/17252/29858/56316/68646/11565/66588/12850/216558/19286/73373/15288/70383/108645/78914/331026/230027/11564/79464/319945/77697/11655/18102/71743/14854/216134/192185/108156/108841/18103/12036/67164/623661/268566	46
diffbind__all_peaks.TG.vs.WT	Human Diseases	Endocrine and metabolic disease	mmu04936	Alcoholic liver disease - Mus musculus (house mouse)	43/2177	141/11152	0.00115448556008859	0.00521767499884194	0.00291975158737374	107476/21416/80911/241113/54131/16803/11532/14245/19013/11669/16159/53859/56637/56690/100705/101214/26416/72674/26409/20787/56484/14082/20462/18035/19766/11364/66513/29857/11430/26400/11652/26397/17874/26419/20249/12894/68465/26399/26420/11370/108097/117149/16151	43
diffbind__all_peaks.TG.vs.WT	Environmental Information Processing	Signal transduction	mmu04390	Hippo signaling pathway - Mus musculus (house mouse)	47/2177	158/11152	0.00126018300683248	0.00561649702783117	0.00314292785888919	13542/21416/209456/56289/71978/17131/12234/11797/22631/15901/18016/11796/16897/21803/14164/56637/23805/11789/19046/22409/11799/93742/103583/21812/19045/12445/17126/216033/21676/14367/52432/13544/12385/22411/21679/19047/105782/50523/22627/104318/11461/29806/53310/21813/13385/18787/22420	47
diffbind__all_peaks.TG.vs.WT	Metabolism	Metabolism of cofactors and vitamins	mmu00785	Lipoic acid metabolism - Mus musculus (house mouse)	10/2177	19/11152	0.0012854753432677	0.00561649702783117	0.00314292785888919	68133/235339/18293/79464/78920/68263/209692/67164/623661/12039	10
diffbind__all_peaks.TG.vs.WT	Organismal Systems	Nervous system	mmu04720	Long-term potentiation - Mus musculus (house mouse)	24/2177	67/11152	0.00129735491772237	0.00561649702783117	0.00314292785888919	18747/11911/19058/18750/215449/16438/108058/18798/18797/26396/19046/14682/18749/16439/19045/26413/19056/12313/19055/12322/19047/12315/12914/12323	24
diffbind__all_peaks.TG.vs.WT	Human Diseases	Cancer: specific types	mmu05226	Gastric cancer - Mus musculus (house mouse)	45/2177	150/11152	0.00130728810130553	0.00561649702783117	0.00314292785888919	13542/93687/21416/14177/20183/107986/17350/20181/13555/21803/14164/56637/23805/26396/11789/13197/22409/12028/16974/21812/18709/17295/26413/17126/216033/14367/17873/13544/12385/56717/22411/11652/20662/18707/13557/14172/23882/21813/16973/16480/18708/14388/58988/218772/22420	45
diffbind__all_peaks.TG.vs.WT	Organismal Systems	Endocrine system	mmu04912	GnRH signaling pathway - Mus musculus (house mouse)	30/2177	90/11152	0.00133910219011476	0.00568301905073094	0.00318015282633159	18747/11911/11515/18750/16438/108058/18798/14672/18797/26396/26416/14682/18749/16439/26413/29857/26400/20662/26397/12313/26407/26419/12322/12315/12540/26399/13653/26420/12323/14683	30
diffbind__all_peaks.TG.vs.WT	Human Diseases	Cancer: specific types	mmu05214	Glioma - Mus musculus (house mouse)	26/2177	75/11152	0.00144572538722196	0.00606159559943665	0.00339199995733751	234779/17246/107986/18750/18590/108058/13555/26396/13197/12028/18709/12567/19211/26413/17873/56717/11652/20662/18707/12313/12322/13557/12315/23882/18708/12323	26
diffbind__all_peaks.TG.vs.WT	Human Diseases	Cancer: specific types	mmu05224	Breast cancer - Mus musculus (house mouse)	44/2177	147/11152	0.00154537388199372	0.00640226322540255	0.00358263368632629	13542/93687/21416/14177/107986/12190/13555/14164/56637/13388/23805/26396/11789/18034/13197/22409/12028/17979/16974/18709/12567/19211/26413/14367/17873/13544/56717/22411/56198/11652/20662/18707/17977/20683/13557/14172/23882/16973/18708/15205/14281/58988/16450/22420	44
diffbind__all_peaks.TG.vs.WT	Genetic Information Processing	Translation	mmu03010	Ribosome - Mus musculus (house mouse)	86/2177	328/11152	0.00163752836709843	0.00670423378529709	0.00375161297725336	66448/66230/66481/67427/75617/19942/68436/114641/20103/66419/14548/68499/64655/68193/20091/27367/69527/68463/66493/64657/94064/94067/225215/68052/68565/76808/66211/54217/59054/20085/67186/66242/94063/16785/56282/94065/67681/19944/27050/19989/66480/121022/99045/20042/27393/14694/94066/79044/66258/18100/66223/100503670/20102/64660/52443/67941/18120/67671/76846/67281/66292/20116/19946/19934/67270/66128/67025/67212/27398/20115/22121/27207/216767/19981/27370/94061/65111/20084/67036/26961/20044/94062/64656/66163/19935/67097	86
diffbind__all_peaks.TG.vs.WT	Organismal Systems	Development and regeneration	mmu04380	Osteoclast differentiation - Mus musculus (house mouse)	40/2177	132/11152	0.00191952197431159	0.0077673679890748	0.00434653078638487	234779/19058/16438/53859/74256/21803/18034/26416/26409/14284/16439/21812/18709/18035/11937/26413/66513/15975/29857/15979/26400/19056/11652/12912/18707/16477/20846/19055/26419/16478/26399/21813/22030/18708/19698/26420/19353/17972/14281/16151	40
diffbind__all_peaks.TG.vs.WT	Environmental Information Processing	Signal transduction	mmu04010	MAPK signaling pathway - Mus musculus (house mouse)	79/2177	299/11152	0.00197588807299054	0.00790335134383821	0.00442262552513632	12295/18747/26403/11911/17187/14177/13163/19058/23938/18479/17532/72349/18750/15370/215449/18590/224105/19060/19042/14186/269881/53859/330177/21803/14164/17347/26396/18034/26416/13197/26409/22339/56692/18749/13198/21812/17295/81904/26413/66513/29857/17873/17762/26400/19056/11652/20662/15481/26397/193740/70686/26407/216965/26411/15511/19055/17874/26419/14701/12540/14172/14013/78405/16478/73086/23882/17164/26399/21813/22030/19698/16337/26420/19353/17165/102626/14281/235584/16151	79
diffbind__all_peaks.TG.vs.WT	Environmental Information Processing	Signal transduction	mmu04070	Phosphatidylinositol signaling system - Mus musculus (house mouse)	31/2177	96/11152	0.00199854861568323	0.00790335134383821	0.00442262552513632	240752/234779/75678/20975/217837/18750/16438/18798/104015/219135/18797/84095/242291/219024/17772/16439/97287/18709/19211/72469/117150/18707/12313/269180/16331/327655/12315/16332/110911/18708/69718	31
diffbind__all_peaks.TG.vs.WT	Organismal Systems	Nervous system	mmu04728	Dopaminergic synapse - Mus musculus (house mouse)	41/2177	137/11152	0.00219963080835863	0.00860080361021128	0.00481291188109222	19054/18747/11911/18750/71978/16438/59032/108058/18798/56637/18797/26416/19046/14679/14682/26932/18749/16439/19045/606496/29857/52432/19056/13195/11652/12912/12313/19055/26419/12322/19047/14701/12315/225849/14697/26420/12323/14683/14281/12915/12846	41
diffbind__all_peaks.TG.vs.WT	Organismal Systems	Circulatory system	mmu04260	Cardiac muscle contraction - Mus musculus (house mouse)	29/2177	89/11152	0.00235889538876506	0.00909699032878125	0.00509057232554305	12295/12857/66152/12859/22004/65973/67530/20541/12861/17897/66694/15464/12867/12869/66445/11937/12864/12866/81904/22273/12858/11933/12868/67003/76757/20544/22003/11928/12865	29
diffbind__all_peaks.TG.vs.WT	Human Diseases	Drug resistance: antineoplastic	mmu01522	Endocrine resistance - Mus musculus (house mouse)	30/2177	93/11152	0.00238354463523263	0.00909699032878125	0.00509057232554305	18747/17246/11515/13555/13388/26396/26416/12028/17979/18749/20185/18709/59035/12567/26413/29857/56717/11652/20662/18707/20683/26419/13557/12015/18708/26420/14683/14281/58988/16450	30
diffbind__all_peaks.TG.vs.WT	Metabolism	Lipid metabolism	mmu00564	Glycerophospholipid metabolism - Mus musculus (house mouse)	32/2177	101/11152	0.00240495146622953	0.00909699032878125	0.00509057232554305	55979/28042/12651/74182/50767/67630/231510/66586/52123/53357/14245/18777/14571/18807/210992/18618/13026/225010/75320/19012/28169/27388/208449/14732/333433/241274/237928/66350/110911/14792/212862/320951	32
diffbind__all_peaks.TG.vs.WT	Cellular Processes	Transport and catabolism	mmu04148	Efferocytosis - Mus musculus (house mouse)	47/2177	163/11152	0.00253979019482555	0.00950373105160527	0.00531817980806708	233571/50769/19015/11980/11487/53357/20181/50770/19349/20501/20393/108058/66694/68365/21803/214058/18514/22260/12215/26396/26416/69981/76295/11937/12317/26413/228545/73122/29857/11502/12912/70686/20525/13435/12322/22259/12894/17164/19247/18263/13856/18442/12323/19353/17304/235584/56632	47
diffbind__all_peaks.TG.vs.WT	Organismal Systems	Immune system	mmu04611	Platelet activation - Mus musculus (house mouse)	38/2177	126/11152	0.00269379344513624	0.00997276722241928	0.00558064711478393	18747/234779/11515/228785/215449/16438/21894/67268/11848/18798/22323/19091/18797/26416/19046/19877/14679/14682/18749/16439/19045/18709/69632/26413/29857/11652/18707/17931/70549/19047/20866/11461/16412/18708/109305/14683/22320/19878	38
diffbind__all_peaks.TG.vs.WT	Human Diseases	Infectious disease: bacterial	mmu05134	Legionellosis - Mus musculus (house mouse)	21/2177	59/11152	0.0027781527441121	0.0101768121573791	0.00569482833973117	15510/19324/76308/15499/16159/67160/11841/18034/11840/12371/66397/18035/15481/193740/13628/15511/17874/12176/56422/12750/94044	21
diffbind__all_peaks.TG.vs.WT	Human Diseases	Cancer: specific types	mmu05222	Small cell lung cancer - Mus musculus (house mouse)	30/2177	94/11152	0.00285979102944541	0.0103667424817396	0.00580111118911625	16776/54124/17187/20183/107986/12048/20181/11797/226519/13555/11796/13197/12371/22642/12028/18709/18035/12567/19211/17873/11652/18707/13557/16412/23882/22032/22030/18708/218772/16151	30
diffbind__all_peaks.TG.vs.WT	Human Diseases	Infectious disease: viral	mmu05161	Hepatitis B - Mus musculus (house mouse)	47/2177	164/11152	0.0029005600566418	0.0104061329867149	0.00582315366770193	11911/54131/107986/22335/18750/16453/22631/13194/13555/21803/26396/26416/12371/26409/11799/12028/14082/21812/18709/18035/26413/66513/15975/29857/26400/11652/20662/12912/18707/20846/26397/17874/26419/13557/15530/12015/26399/21813/20851/18708/12914/26420/14281/12915/117149/18538/16151	47
diffbind__all_peaks.TG.vs.WT	Metabolism	Global and overview maps	mmu01230	Biosynthesis of amino acids - Mus musculus (house mouse)	26/2177	79/11152	0.00331564525227176	0.0117739239570467	0.00658855393845624	18746/71776/14433/19895/18642/56012/11429/13808/11674/14718/76282/18563/21991/15929/108645/15926/170718/67834/100678/13806/18655/108682/12036/21881/79459/14645	26
diffbind__all_peaks.TG.vs.WT	Organismal Systems	Endocrine system	mmu04921	Oxytocin signaling pathway - Mus musculus (house mouse)	44/2177	154/11152	0.00411670730464913	0.0144708499193727	0.00809772303413173	12295/18747/16518/13631/241113/19058/329251/23938/11515/18750/228785/16438/20190/54720/108058/11848/18798/18797/26396/19046/232807/19877/14679/14682/18749/16439/19045/81904/26413/19056/12313/17931/216459/19055/12322/19047/12315/11461/13629/12323/14683/14281/108097/19878	44
diffbind__all_peaks.TG.vs.WT	Cellular Processes	Cellular community - eukaryotes	mmu04510	Focal adhesion - Mus musculus (house mouse)	55/2177	202/11152	0.00457144655917615	0.015908634025933	0.00890229066786935	70584/16776/18607/16420/60595/329251/11855/18479/109711/18750/22324/11797/228785/215449/18590/224105/21894/67268/226519/11848/11796/22323/56637/107746/19046/232807/19877/22339/170736/19045/18709/12445/19211/17295/26413/22793/11652/20662/18707/17931/70549/13367/26419/19047/16404/12540/11461/12015/19303/16412/18708/26420/19353/17907/19878	55
diffbind__all_peaks.TG.vs.WT	Metabolism	Carbohydrate metabolism	mmu00562	Inositol phosphate metabolism - Mus musculus (house mouse)	25/2177	77/11152	0.00480305120985643	0.0164575860980505	0.00920947800405125	240752/234779/75678/20975/217837/18798/104015/219135/18797/84095/21991/17772/97287/19062/19211/72469/117150/18707/269180/16331/327655/16332/104776/71780/69718	25
diffbind__all_peaks.TG.vs.WT	Cellular Processes	Transport and catabolism	mmu04136	Autophagy - other - Mus musculus (house mouse)	13/2177	32/11152	0.00482377523563549	0.0164575860980505	0.00920947800405125	18518/329015/74781/29869/77040/11793/66795/56716/56208/56717/67841/242557/75669	13
diffbind__all_peaks.TG.vs.WT	Environmental Information Processing	Signal transduction	mmu04071	Sphingolipid signaling pathway - Mus musculus (house mouse)	38/2177	131/11152	0.00557649186092166	0.0188409627922402	0.0105431884953552	19054/18607/18750/71978/59032/11848/18798/18797/26396/26416/19877/12028/14679/14682/26932/13033/18709/19211/26413/29857/52432/11652/18707/208449/26419/76893/225849/104725/11886/22030/20597/268656/66612/18708/26420/19353/19878/56632	38
diffbind__all_peaks.TG.vs.WT	Cellular Processes	Transport and catabolism	mmu04146	Peroxisome - Mus musculus (house mouse)	27/2177	87/11152	0.00687047941377399	0.0229896811153207	0.0128647640844958	20524/228061/80911/54683/56273/18633/23986/67993/56690/74147/20656/103737/67725/67420/71382/19302/15926/69129/17117/11430/19305/26874/15488/12908/20280/14081/50790	27
diffbind__all_peaks.TG.vs.WT	Metabolism	Lipid metabolism	mmu00071	Fatty acid degradation - Mus musculus (house mouse)	18/2177	52/11152	0.00752212979254864	0.0249304873124469	0.0139508171591128	80911/15107/11532/11669/23986/74147/93747/11409/71519/11364/12896/11430/52538/12894/11363/14081/50790/11370	18
diffbind__all_peaks.TG.vs.WT	Organismal Systems	Immune system	mmu04658	Th1 and Th2 cell differentiation - Mus musculus (house mouse)	27/2177	88/11152	0.008110245051248	0.0263772455872365	0.0147604066353259	16190/19058/19664/12399/16453/18036/15002/16159/13388/26416/433586/14961/18035/14998/26413/29857/15979/19056/103806/20846/19055/26419/20851/26420/14281/16450/16151	27
diffbind__all_peaks.TG.vs.WT	Human Diseases	Cancer: overview	mmu05235	PD-L1 expression and PD-1 checkpoint pathway in cancer - Mus musculus (house mouse)	27/2177	88/11152	0.008110245051248	0.0263772455872365	0.0147604066353259	13001/19058/18036/26396/26416/18709/18035/19211/26413/29857/15979/56717/19056/11652/18707/20846/26397/19055/17874/12995/26399/19247/18708/14281/58988/117149/16151	27
diffbind__all_peaks.TG.vs.WT	Human Diseases	Cancer: overview	mmu05203	Viral carcinogenesis - Mus musculus (house mouse)	59/2177	226/11152	0.00893201985162646	0.0287809528552408	0.0161054938845116	19385/235459/18747/18746/11911/17246/60595/54131/19664/22335/109711/22215/237336/17000/14972/16453/22631/13194/83945/69116/11848/15387/18034/12028/433759/15451/18749/19696/18709/12445/18035/12567/83602/14963/107932/26413/14885/208727/12912/18707/15184/56463/105782/12540/22627/12015/70315/19303/17164/20851/16195/22030/18708/12914/19353/12915/23894/16151/14964	59
diffbind__all_peaks.TG.vs.WT	NA	NA	mmu04980	Cobalamin transport and metabolism - Mus musculus (house mouse)	8/2177	17/11152	0.00937146983101754	0.0299199220293037	0.0167428480805239	224656/109129/109136/77697/20841/210009/68421/17850	8
diffbind__all_peaks.TG.vs.WT	Organismal Systems	Endocrine system	mmu03320	PPAR signaling pathway - Mus musculus (house mouse)	27/2177	89/11152	0.00952796692535148	0.0301430226365665	0.0168676926429667	208715/18607/80911/19015/13167/20183/22190/20181/19013/16592/26569/74147/11364/26457/12896/11430/14077/20249/22259/20280/12894/11363/17436/14081/50790/14933/20411	27
diffbind__all_peaks.TG.vs.WT	Organismal Systems	Excretory system	mmu04961	Endocrine and other factor-regulated calcium reabsorption - Mus musculus (house mouse)	20/2177	61/11152	0.00976749019057775	0.0306224016785681	0.017135947702768	18747/11772/11771/13430/11515/18750/53869/20541/232910/18798/67972/18797/14682/18749/67300/11933/13429/11773/14683/11928	20
diffbind__all_peaks.TG.vs.WT	Environmental Information Processing	Signal transduction	mmu04371	Apelin signaling pathway - Mus musculus (house mouse)	39/2177	140/11152	0.010346797738753	0.0321489786882682	0.0179902028352378	18747/241113/17532/11515/228785/16438/20190/20541/17897/18798/18797/26396/16890/14679/14682/18749/16439/21812/56208/66734/26413/17126/208727/56717/21780/11652/12313/15184/14701/12315/14697/20544/13653/18125/75669/18787/108097/58988/56632	39
diffbind__all_peaks.TG.vs.WT	Human Diseases	Endocrine and metabolic disease	mmu04934	Cushing syndrome - Mus musculus (house mouse)	44/2177	162/11152	0.0108676133287227	0.0334684021096945	0.0187285371757214	214162/13542/18747/21416/11911/11515/15370/215449/16438/11632/108058/13555/18798/18584/56637/18514/14672/23805/18797/26396/11789/22409/14679/14682/18749/16439/16835/12567/26413/14367/13544/69544/22411/12912/20683/12322/13557/84092/14194/12323/109305/14683/12915/22420	44
diffbind__all_peaks.TG.vs.WT	Human Diseases	Infectious disease: bacterial	mmu05152	Tuberculosis - Mus musculus (house mouse)	48/2177	180/11152	0.0115209213474635	0.0351691283238361	0.0196802442223523	15510/19058/16706/108960/16783/16803/19349/15002/108058/18044/16159/11848/21803/26416/12371/12028/14961/114143/14082/13033/16985/12611/69632/14998/26413/240354/29857/17534/15979/19056/11652/12912/20846/12313/19055/17874/12795/26419/12322/12315/12015/21871/18046/12914/26420/12323/117149/56632	48
diffbind__all_peaks.TG.vs.WT	Cellular Processes	Cell motility	mmu04814	Motor proteins - Mus musculus (house mouse)	52/2177	198/11152	0.0119808529360085	0.0361512602001072	0.0202298340502717	74376/22004/17919/16554/53857/56427/67268/17897/109242/13191/21648/54152/77579/270163/17913/16570/17901/12345/17920/100502766/16561/16553/235661/227613/16558/71960/286942/208943/67951/17886/75050/11459/105000/16581/21957/320191/21953/216459/103733/54130/11461/22146/16579/17925/16551/67117/226977/12343/360013/22003/68097/17907	52
diffbind__all_peaks.TG.vs.WT	Human Diseases	Infectious disease: parasitic	mmu05142	Chagas disease - Mus musculus (house mouse)	30/2177	103/11152	0.0120504200667024	0.0361512602001072	0.0202298340502717	71978/16159/18798/21803/14672/18797/26416/14082/14679/14682/21812/18709/18035/12317/26413/17126/29857/15979/52432/11652/18707/17874/26419/21813/18708/26420/18787/14683/14281/16151	30
diffbind__all_peaks.TG.vs.WT	Organismal Systems	Endocrine system	mmu04928	Parathyroid hormone synthesis, secretion and action - Mus musculus (house mouse)	33/2177	116/11152	0.012648699495239	0.037621772857634	0.0210527162088999	17938/20497/18747/11911/20183/11515/18750/20181/16438/108737/20393/18577/11848/18798/238871/14672/18797/14679/14682/18749/16439/16974/75607/26413/232341/12912/20683/16478/16973/13653/14683/14281/12915	33
diffbind__all_peaks.TG.vs.WT	Metabolism	Metabolism of cofactors and vitamins	mmu00760	Nicotinate and nicotinamide metabolism - Mus musculus (house mouse)	15/2177	43/11152	0.013028033226236	0.0384216573112723	0.0215003224518614	18113/103850/74080/67993/18605/59027/68646/67725/78914/225994/18115/192185/68346/75387/69564	15
diffbind__all_peaks.TG.vs.WT	Genetic Information Processing	Folding, sorting and degradation	mmu03018	RNA degradation - Mus musculus (house mouse)	25/2177	83/11152	0.0135049930828607	0.0394935932171052	0.0221001655933589	72068/15510/103135/225929/69125/74108/109075/18642/234699/70640/13808/230721/319885/67207/75686/22057/13806/69639/72198/57259/50783/18458/319618/78893/108077	25
diffbind__all_peaks.TG.vs.WT	Cellular Processes	Cell growth and death	mmu04215	Apoptosis - multiple species - Mus musculus (house mouse)	12/2177	32/11152	0.0137435888196214	0.039856407576902	0.0223031923827189	12048/11797/11796/12371/11799/12028/12125/14082/56208/12211/26419/26420	12
diffbind__all_peaks.TG.vs.WT	Organismal Systems	Digestive system	mmu04971	Gastric acid secretion - Mus musculus (house mouse)	23/2177	75/11152	0.0139317453435097	0.0400681601614989	0.022421686720742	18747/16518/11515/18750/228785/16438/108058/18798/18797/14679/14682/18749/16439/20535/12313/12322/11933/12315/11461/20544/12323/14683/11928	23
diffbind__all_peaks.TG.vs.WT	Human Diseases	Infectious disease: viral	mmu05163	Human cytomegalovirus infection - Mus musculus (house mouse)	64/2177	254/11152	0.0148228275820521	0.0422815081848699	0.0236602511016362	18747/11911/19058/17246/54131/11515/18750/14827/16438/14972/20315/11848/13555/18798/56637/14672/18797/26396/26416/12371/19877/22339/12028/14082/14679/14682/18749/16439/22084/18709/18035/69632/19766/12567/12317/14963/26413/29857/56717/19056/11652/20662/12912/18707/12313/20683/19055/13557/14701/21356/12315/14697/19303/26399/22030/18708/19353/14683/58988/12915/19878/13685/16151/14964	64
diffbind__all_peaks.TG.vs.WT	Organismal Systems	Immune system	mmu04659	Th17 cell differentiation - Mus musculus (house mouse)	30/2177	105/11152	0.0158702586928104	0.0448423992027837	0.0250932965895795	16190/19058/20183/19883/20181/16453/18036/15002/21803/26416/14961/21812/18035/14998/26413/17126/29857/15979/56717/19056/20846/19055/26419/15519/21813/20851/16195/26420/14281/16151	30
diffbind__all_peaks.TG.vs.WT	Human Diseases	Drug resistance: antineoplastic	mmu01521	EGFR tyrosine kinase inhibitor resistance - Mus musculus (house mouse)	24/2177	80/11152	0.0160847681183162	0.0448423992027837	0.0250932965895795	234779/18750/12048/18590/13684/56637/26396/22339/12028/12125/56484/18709/19211/17295/26413/56717/11652/20662/18707/12015/18708/14388/58988/13685	24
diffbind__all_peaks.TG.vs.WT	Genetic Information Processing	Transcription	mmu03022	Basal transcription factors - Mus musculus (house mouse)	15/2177	44/11152	0.0162847630244743	0.0448423992027837	0.0250932965895795	235459/270627/237336/319944/12572/83602/14885/63856/225895/14886/98053/68776/66671/13871/23894	15
diffbind__all_peaks.TG.vs.WT	Environmental Information Processing	Signal transduction	mmu04668	TNF signaling pathway - Mus musculus (house mouse)	33/2177	118/11152	0.0163486685661283	0.0448423992027837	0.0250932965895795	11911/11797/74006/53859/74256/11796/26416/26409/14082/18709/18035/19766/26413/66513/29857/26400/11652/12912/18707/16477/26397/26419/73086/26399/16168/22030/18708/69601/26420/14281/12915/217344/16151	33
diffbind__all_peaks.TG.vs.WT	Human Diseases	Endocrine and metabolic disease	mmu04933	AGE-RAGE signaling pathway in diabetic complications - Mus musculus (house mouse)	29/2177	101/11152	0.0163648985596366	0.0448423992027837	0.0250932965895795	234779/18750/18798/21803/18797/26416/22339/12028/21812/18709/12567/26413/17126/29857/72469/11652/18707/20846/18712/13367/26419/12540/21813/20851/18708/13653/26420/19353/18787	29
diffbind__all_peaks.TG.vs.WT	Human Diseases	Cancer: specific types	mmu05218	Melanoma - Mus musculus (house mouse)	22/2177	72/11152	0.0166433701955684	0.0452491627192015	0.0253209168271394	14177/17246/107986/18590/13555/14164/26396/13197/12028/18709/12567/19211/17295/26413/17873/11652/18707/13557/14172/12015/23882/18708	22
diffbind__all_peaks.TG.vs.WT	Genetic Information Processing	Replication and repair	mmu03460	Fanconi anemia pathway - Mus musculus (house mouse)	17/2177	52/11152	0.01695172264614	0.0457028681526527	0.0255748052275885	17350/12190/68275/19891/235610/237211/80905/71711/21975/21976/230484/19714/69928/56210/15205/14088/223970	17
diffbind__all_peaks.TG.vs.WT	Metabolism	Lipid metabolism	mmu00600	Sphingolipid metabolism - Mus musculus (house mouse)	18/2177	56/11152	0.0170729105167956	0.0457028681526527	0.0255748052275885	67630/223753/19156/22234/76943/50877/19012/230101/208449/58994/76893/11886/20597/268656/18010/15212/56336/56632	18
diffbind__all_peaks.TG.vs.WT	Organismal Systems	Endocrine system	mmu04914	Progesterone-mediated oocyte maturation - Mus musculus (house mouse)	27/2177	93/11152	0.0173468543898236	0.0460817200584628	0.0257868064452983	75430/52717/18747/11515/217232/26416/20868/56317/14679/18749/18709/26413/29857/268697/12530/11652/18707/99152/56371/52206/26419/69957/59008/15519/18708/26420/68999	27
diffbind__all_peaks.TG.vs.WT	Metabolism	Carbohydrate metabolism	mmu00051	Fructose and mannose metabolism - Mus musculus (house mouse)	13/2177	37/11152	0.0188961958757586	0.0492264349318024	0.0275465531227569	18642/16548/11674/54128/270198/21991/29858/22122/14187/331026/11677/18640/79459	13
diffbind__all_peaks.TG.vs.WT	Human Diseases	Cancer: specific types	mmu05216	Thyroid cancer - Mus musculus (house mouse)	13/2177	37/11152	0.0188961958757586	0.0492264349318024	0.0275465531227569	21416/20183/107986/21787/20181/108989/26396/13197/12028/76551/26413/17873/23882	13
diffbind__all_peaks.TG.vs.WT	Organismal Systems	Nervous system	mmu04723	Retrograde endocannabinoid signaling - Mus musculus (house mouse)	41/2177	154/11152	0.0189550065541998	0.0492264349318024	0.0275465531227569	407785/225887/66916/17991/18747/17995/11515/18750/68342/16438/67264/69875/68198/68194/18798/230075/18797/66082/26416/14679/14682/18749/16439/407790/70316/67273/26413/29857/231871/66046/242864/68202/26419/14701/14697/66108/226646/68197/66495/26420/66414	41
